Workbook

Sheet Instrukcja
A1: Szablon dokumentacji testowej | B1: Testowanie oprogramowania – ćwiczenia 1 (na podstawie ISO/IEC/IEEE 29119-3 i sylabusa ISTQB CTFL 4.0)
A2: Autor (imię, nazwisko, nr albumu)
A3: Grupa / data
A4: Przedmiot testów | B4: BiletTO 1.0 – serwis sprzedaży biletów na koncerty (specyfikacja: specyfikacja_BiletTO.md) oraz strony ćwiczeniowe the-internet (https://the-internet.herokuapp.com)
A6: ARKUSZE
A7: Przypadki testowe | B7: Specyfikacja przypadków testowych: jeden wiersz = jeden przypadek. ID w formacie TC-<obszar>-<nr>, np. TC-REJ-001. Kolumnę „Wymaganie” wypełnij identyfikatorami REQ-… (kilka – po przecinku).
A8: Macierz śledzenia | B8: Jeden wiersz = jedno wymaganie. Kolumny „Liczba przypadków”, „Zaliczone”, „Niezaliczone” i „Pokrycie” liczą się same (formuły) na podstawie arkusza „Przypadki testowe”.
A9: Raporty defektów | B9: Jeden wiersz = jeden raport o defekcie (ID: DEF-<nr>). Kroki muszą pozwolić odtworzyć awarię innej osobie. Zrzut ekranu: Win+Shift+S, zapisz jako DEF-<nr>.png i wpisz nazwę pliku w kolumnie „Załączniki”.
A10: Lista kontrolna | B10: Pozycje formułuj jako pytania, na które odpowiedź „Tak” oznacza stan poprawny. Wynik „Nie” → wpisz dowód i (jeśli to defekt) ID raportu.
A11: Raport z wykonania | B11: Podsumowanie wykonania testów. Liczby w kolumnie „Wartość” wyliczają się automatycznie – uzupełnij pola opisowe.
A13: STATUS PRZYPADKU | B13: Nie wykonano – jeszcze nie uruchomiony; Zaliczony – rzeczywisty rezultat = oczekiwany; Niezaliczony – rozbieżność (wpisz ID defektu); Zablokowany – nie da się wykonać (np. brak środowiska, inny defekt); Pominięty – świadomie nie wykonano (podaj powód w uwagach).
A14: WAŻNOŚĆ (severity) | B14: Wpływ defektu na system/użytkownika: Krytyczna – awaria uniemożliwia korzystanie z kluczowej funkcji, utrata danych, bezpieczeństwo; Wysoka – ważna funkcja działa błędnie, brak obejścia; Średnia – błąd z obejściem lub w mniej ważnej funkcji; Niska – kosmetyka, literówki, drobne niedogodności.
A15: PRIORYTET (priority) | B15: Pilność naprawy z punktu widzenia biznesu: Wysoki – naprawić natychmiast / przed wydaniem; Średni – w najbliższym cyklu; Niski – gdy będzie czas. Ważność i priorytet to dwie różne oceny (np. literówka w nazwie firmy na stronie głównej: niska ważność, wysoki priorytet).
A16: CYKL ŻYCIA DEFEKTU | B16: Nowy → Otwarty → W naprawie → Naprawiony → Do retestu → Zamknięty; ewentualnie Odrzucony (to nie defekt / nie do odtworzenia), Odroczony (naprawa później), Ponownie otwarty (retest nieudany).
A17: TECHNIKA | B17: EP – podział na klasy równoważności; AWB – analiza wartości brzegowych; Doświadczenie – zgadywanie błędów, testowanie eksploracyjne; Na podstawie wymagania – test wyprowadzony wprost z treści wymagania.
A18: Wiersze przykładowe | B18: Wiersze wyróżnione żółtym tłem są przykładami – usuń je lub zastąp własnymi przed oddaniem.

Sheet Przypadki testowe
A1: ID | B1: Tytuł | C1: Wymaganie (REQ-…) | D1: Technika | E1: Priorytet | F1: Warunki wstępne | G1: Dane testowe | H1: Kroki | I1: Oczekiwany rezultat | J1: Rzeczywisty rezultat | K1: Status | L1: ID defektu | M1: Wykonał | N1: Data wykonania | O1: Uwagi
A2: TC-REJ-001 | B2: Rejestracja z poprawnymi danymi (bez telefonu) | C2: REQ-REJ-11 | D2: EP | E2: Wysoki | F2: 1. Dane początkowe (install.php?reset=1). 2. Konto „ola_fan” nie istnieje. 3. Otwarta strona Rejestracja. | G2: login: ola_fan e-mail: ola@example.com telefon: (puste) wiek: 25 hasło i powtórzenie: Koncert2026 regulamin: zaznaczony | H2: 1. Wpisz dane testowe w pola formularza. 2. Zaznacz „Akceptuję regulamin”. 3. Kliknij „Załóż konto”. | I2: Komunikat „Konto zostało utworzone. Możesz się zalogować.”; brak komunikatów o błędach; formularz wyczyszczony. | K2: Nie wykonano | O2: PRZYKŁAD – usuń lub zastąp

Sheet Macierz śledzenia
A1: ID wymagania | B1: Wymaganie (skrót) | C1: Priorytet | D1: Przypadki testowe (ID) | E1: Liczba przypadków | F1: Zaliczone | G1: Niezaliczone | H1: Pokrycie | I1: Uwagi
A2: REQ-REJ-11 | B2: Poprawny formularz → konto aktywne, komunikat sukcesu | C2: Wysoki | D2: TC-REJ-001 | E2: =IF(A2="","",COUNTIF('Przypadki testowe'!$C$2:$C$300,"*"&A2&"*")) | F2: =IF(A2="","",COUNTIFS('Przypadki testowe'!$C$2:$C$300,"*"&A2&"*",'Przypadki testowe'!$K$2:$K$300,"Zaliczony")) | G2: =IF(A2="","",COUNTIFS('Przypadki testowe'!$C$2:$C$300,"*"&A2&"*",'Przypadki testowe'!$K$2:$K$300,"Niezaliczony")) | H2: =IF(A2="","",IF(E2>0,"Pokryte","BRAK")) | I2: PRZYKŁAD – usuń lub zastąp
E3: =IF(A3="","",COUNTIF('Przypadki testowe'!$C$2:$C$300,"*"&A3&"*")) | F3: =IF(A3="","",COUNTIFS('Przypadki testowe'!$C$2:$C$300,"*"&A3&"*",'Przypadki testowe'!$K$2:$K$300,"Zaliczony")) | G3: =IF(A3="","",COUNTIFS('Przypadki testowe'!$C$2:$C$300,"*"&A3&"*",'Przypadki testowe'!$K$2:$K$300,"Niezaliczony")) | H3: =IF(A3="","",IF(E3>0,"Pokryte","BRAK"))
E4: =IF(A4="","",COUNTIF('Przypadki testowe'!$C$2:$C$300,"*"&A4&"*")) | F4: =IF(A4="","",COUNTIFS('Przypadki testowe'!$C$2:$C$300,"*"&A4&"*",'Przypadki testowe'!$K$2:$K$300,"Zaliczony")) | G4: =IF(A4="","",COUNTIFS('Przypadki testowe'!$C$2:$C$300,"*"&A4&"*",'Przypadki testowe'!$K$2:$K$300,"Niezaliczony")) | H4: =IF(A4="","",IF(E4>0,"Pokryte","BRAK"))
E5: =IF(A5="","",COUNTIF('Przypadki testowe'!$C$2:$C$300,"*"&A5&"*")) | F5: =IF(A5="","",COUNTIFS('Przypadki testowe'!$C$2:$C$300,"*"&A5&"*",'Przypadki testowe'!$K$2:$K$300,"Zaliczony")) | G5: =IF(A5="","",COUNTIFS('Przypadki testowe'!$C$2:$C$300,"*"&A5&"*",'Przypadki testowe'!$K$2:$K$300,"Niezaliczony")) | H5: =IF(A5="","",IF(E5>0,"Pokryte","BRAK"))
E6: =IF(A6="","",COUNTIF('Przypadki testowe'!$C$2:$C$300,"*"&A6&"*")) | F6: =IF(A6="","",COUNTIFS('Przypadki testowe'!$C$2:$C$300,"*"&A6&"*",'Przypadki testowe'!$K$2:$K$300,"Zaliczony")) | G6: =IF(A6="","",COUNTIFS('Przypadki testowe'!$C$2:$C$300,"*"&A6&"*",'Przypadki testowe'!$K$2:$K$300,"Niezaliczony")) | H6: =IF(A6="","",IF(E6>0,"Pokryte","BRAK"))
E7: =IF(A7="","",COUNTIF('Przypadki testowe'!$C$2:$C$300,"*"&A7&"*")) | F7: =IF(A7="","",COUNTIFS('Przypadki testowe'!$C$2:$C$300,"*"&A7&"*",'Przypadki testowe'!$K$2:$K$300,"Zaliczony")) | G7: =IF(A7="","",COUNTIFS('Przypadki testowe'!$C$2:$C$300,"*"&A7&"*",'Przypadki testowe'!$K$2:$K$300,"Niezaliczony")) | H7: =IF(A7="","",IF(E7>0,"Pokryte","BRAK"))
E8: =IF(A8="","",COUNTIF('Przypadki testowe'!$C$2:$C$300,"*"&A8&"*")) | F8: =IF(A8="","",COUNTIFS('Przypadki testowe'!$C$2:$C$300,"*"&A8&"*",'Przypadki testowe'!$K$2:$K$300,"Zaliczony")) | G8: =IF(A8="","",COUNTIFS('Przypadki testowe'!$C$2:$C$300,"*"&A8&"*",'Przypadki testowe'!$K$2:$K$300,"Niezaliczony")) | H8: =IF(A8="","",IF(E8>0,"Pokryte","BRAK"))
E9: =IF(A9="","",COUNTIF('Przypadki testowe'!$C$2:$C$300,"*"&A9&"*")) | F9: =IF(A9="","",COUNTIFS('Przypadki testowe'!$C$2:$C$300,"*"&A9&"*",'Przypadki testowe'!$K$2:$K$300,"Zaliczony")) | G9: =IF(A9="","",COUNTIFS('Przypadki testowe'!$C$2:$C$300,"*"&A9&"*",'Przypadki testowe'!$K$2:$K$300,"Niezaliczony")) | H9: =IF(A9="","",IF(E9>0,"Pokryte","BRAK"))
E10: =IF(A10="","",COUNTIF('Przypadki testowe'!$C$2:$C$300,"*"&A10&"*")) | F10: =IF(A10="","",COUNTIFS('Przypadki testowe'!$C$2:$C$300,"*"&A10&"*",'Przypadki testowe'!$K$2:$K$300,"Zaliczony")) | G10: =IF(A10="","",COUNTIFS('Przypadki testowe'!$C$2:$C$300,"*"&A10&"*",'Przypadki testowe'!$K$2:$K$300,"Niezaliczony")) | H10: =IF(A10="","",IF(E10>0,"Pokryte","BRAK"))
E11: =IF(A11="","",COUNTIF('Przypadki testowe'!$C$2:$C$300,"*"&A11&"*")) | F11: =IF(A11="","",COUNTIFS('Przypadki testowe'!$C$2:$C$300,"*"&A11&"*",'Przypadki testowe'!$K$2:$K$300,"Zaliczony")) | G11: =IF(A11="","",COUNTIFS('Przypadki testowe'!$C$2:$C$300,"*"&A11&"*",'Przypadki testowe'!$K$2:$K$300,"Niezaliczony")) | H11: =IF(A11="","",IF(E11>0,"Pokryte","BRAK"))
E12: =IF(A12="","",COUNTIF('Przypadki testowe'!$C$2:$C$300,"*"&A12&"*")) | F12: =IF(A12="","",COUNTIFS('Przypadki testowe'!$C$2:$C$300,"*"&A12&"*",'Przypadki testowe'!$K$2:$K$300,"Zaliczony")) | G12: =IF(A12="","",COUNTIFS('Przypadki testowe'!$C$2:$C$300,"*"&A12&"*",'Przypadki testowe'!$K$2:$K$300,"Niezaliczony")) | H12: =IF(A12="","",IF(E12>0,"Pokryte","BRAK"))
E13: =IF(A13="","",COUNTIF('Przypadki testowe'!$C$2:$C$300,"*"&A13&"*")) | F13: =IF(A13="","",COUNTIFS('Przypadki testowe'!$C$2:$C$300,"*"&A13&"*",'Przypadki testowe'!$K$2:$K$300,"Zaliczony")) | G13: =IF(A13="","",COUNTIFS('Przypadki testowe'!$C$2:$C$300,"*"&A13&"*",'Przypadki testowe'!$K$2:$K$300,"Niezaliczony")) | H13: =IF(A13="","",IF(E13>0,"Pokryte","BRAK"))
E14: =IF(A14="","",COUNTIF('Przypadki testowe'!$C$2:$C$300,"*"&A14&"*")) | F14: =IF(A14="","",COUNTIFS('Przypadki testowe'!$C$2:$C$300,"*"&A14&"*",'Przypadki testowe'!$K$2:$K$300,"Zaliczony")) | G14: =IF(A14="","",COUNTIFS('Przypadki testowe'!$C$2:$C$300,"*"&A14&"*",'Przypadki testowe'!$K$2:$K$300,"Niezaliczony")) | H14: =IF(A14="","",IF(E14>0,"Pokryte","BRAK"))
... E120: =IF(A120="","",COUNTIF('Przypadki testowe'!$C$2:$C$300,"*"&A120&"*")) | F120: =IF(A120="","",COUNTIFS('Przypadki testowe'!$C$2:$C$300,"*"&A120&"*",'Przypadki testowe'!$K$2:$K$300,"Zaliczony")) | G120: =IF(A120="","",COUNTIFS('Przypadki testowe'!$C$2:$C$300,"*"&A120&"*",'Przypadki testowe'!$K$2:$K$300,"Niezaliczony")) | H120: =IF(A120="","",IF(E120>0,"Pokryte","BRAK"))

Sheet Raporty defektów
A1: ID | B1: Tytuł (krótki opis awarii) | C1: Data | D1: Zgłaszający | E1: Obiekt testów / URL | F1: Środowisko | G1: Warunki wstępne | H1: Kroki do odtworzenia | I1: Oczekiwany rezultat | J1: Rzeczywisty rezultat | K1: Ważność | L1: Priorytet | M1: Powtarzalność | N1: Status | O1: Powiązany przypadek / wymaganie | P1: Załączniki | Q1: Uwagi
A2: DEF-001 | B2: Kalkulator ceny biletów: opłata serwisowa objęta rabatem 10% | C2: 2026-10-06 | D2: J. Kowalski | E2: http://localhost/biletto/kalkulator.php (przykład fikcyjny) | F2: Windows 11, Chrome 141, rozdzielczość 1920×1080 | G2: Dane początkowe; otwarta strona Kalkulator | H2: 1. Wybierz sektor „Płyta”, liczba biletów 2. 2. Zaznacz „Mam kartę Klubu Fana”, pole kodu puste, dostawa E-bilet. 3. Kliknij „Oblicz”. | I2: Wartość biletów 500.00 zł, rabat 10%, opłata serwisowa 4.00 zł, do zapłaty 454.00 zł (REQ-CEN-07: opłata nie podlega rabatowi) | J2: Opłata serwisowa 3.60 zł, do zapłaty 453.60 zł | K2: Wysoka | L2: Wysoki | M2: Zawsze | N2: Nowy | O2: REQ-CEN-07 | P2: DEF-001.png | Q2: PRZYKŁAD – usuń lub zastąp

Sheet Lista kontrolna
A1: Nr | B1: Obszar | C1: Pozycja kontrolna (pytanie; „Tak” = OK) | D1: Wynik | E1: Uwagi / dowód | F1: ID defektu
A2: CHK-01 | B2: Dostępność | C2: Czy każde pole formularza ma widoczną etykietę powiązaną z polem (label for)? | D2: Nie sprawdzono

Sheet Raport z wykonania
A1: Pozycja | B1: Wartość | C1: Komentarz
A2: IDENTYFIKACJA
A3: Identyfikator raportu
A4: Obiekt testów
A5: Okres testów
A6: Autor
A7: PRZYPADKI TESTOWE
A8: Zaprojektowane przypadki testowe | B8: =COUNTA('Przypadki testowe'!A2:A300)
A9: Zaliczone | B9: =COUNTIF('Przypadki testowe'!K2:K300,"Zaliczony")
A10: Niezaliczone | B10: =COUNTIF('Przypadki testowe'!K2:K300,"Niezaliczony")
A11: Zablokowane | B11: =COUNTIF('Przypadki testowe'!K2:K300,"Zablokowany")
A12: Pominięte | B12: =COUNTIF('Przypadki testowe'!K2:K300,"Pominięty")
A13: Nie wykonano | B13: =COUNTIF('Przypadki testowe'!K2:K300,"Nie wykonano")
A14: % wykonanych (zaliczone + niezaliczone) | B14: =IFERROR((B9+B10)/B8,0)
A15: % zaliczonych spośród wykonanych | B15: =IFERROR(B9/(B9+B10),0)
A16: WYMAGANIA (MACIERZ ŚLEDZENIA)
A17: Wymagania w macierzy | B17: =COUNTA('Macierz śledzenia'!A2:A300)
A18: Wymagania pokryte przypadkami | B18: =COUNTIF('Macierz śledzenia'!H2:H300,"Pokryte")
A19: % pokrycia wymagań | B19: =IFERROR(B18/B17,0)
A20: LISTA KONTROLNA
A21: Pozycje listy kontrolnej | B21: =COUNTA('Lista kontrolna'!A2:A300)
A22: Wynik „Tak” | B22: =COUNTIF('Lista kontrolna'!D2:D300,"Tak")
A23: Wynik „Nie” | B23: =COUNTIF('Lista kontrolna'!D2:D300,"Nie")
A24: Nie dotyczy / nie sprawdzono | B24: =COUNTIF('Lista kontrolna'!D2:D300,"Nie dotyczy")+COUNTIF('Lista kontrolna'!D2:D300,"Nie sprawdzono")
A25: DEFEKTY
A26: Zgłoszone defekty | B26: =COUNTA('Raporty defektów'!A2:A300)
A27: – krytyczne | B27: =COUNTIF('Raporty defektów'!K2:K300,"Krytyczna")
A28: – wysokie | B28: =COUNTIF('Raporty defektów'!K2:K300,"Wysoka")
A29: – średnie | B29: =COUNTIF('Raporty defektów'!K2:K300,"Średnia")
A30: – niskie | B30: =COUNTIF('Raporty defektów'!K2:K300,"Niska")
A31: Otwarte (bez Zamknięty i Odrzucony) | B31: =B26-COUNTIF('Raporty defektów'!N2:N300,"Zamknięty")-COUNTIF('Raporty defektów'!N2:N300,"Odrzucony")
A32: OCENA
A33: Zakres wykonanych prac i odstępstwa od planu | C33: Co zrobiono, czego nie zrobiono i dlaczego.
A34: Najważniejsze problemy i ryzyka | C34: Najpoważniejsze defekty, obszary nieprzetestowane.
A35: Kryteria wyjścia spełnione? | C35: Odnieś się do kryteriów z planu testów.
A36: Rekomendacja | C36: Np. „wydać / nie wydawać”, co naprawić w pierwszej kolejności.
A37: Wnioski na przyszłość (lessons learned)
